title,description,filename,geo3x3
西山公園1,「<a href=https://code4fukui.github.io/vr-fukui/vr-view.html#img/vr-nishiyama1.jpg>VRふくい</a>」で見る,vr-nishiyama1.jpg,E9138732295499
西山公園2,「<a href=https://code4fukui.github.io/vr-fukui/vr-view.html#img/vr-nishiyama2.jpg>VRふくい</a>」で見る,vr-nishiyama2.jpg,E9138732298238
西山公園3,「<a href=https://code4fukui.github.io/vr-fukui/vr-view.html#img/vr-nishiyama3.jpg>VRふくい</a>」で見る,vr-nishiyama3.jpg,E9138732295287
SCC,「<a href=https://code4fukui.github.io/vr-fukui/vr-view.html#img/vr-scc.jpg>VRふくい</a>」で見る,vr-scc.jpg,E9138732292999
Hana道場,「<a href=https://code4fukui.github.io/vr-fukui/vr-view.html#img/vr-hanadojo.jpg>VRふくい</a>」で見る,vr-hanadojo.jpg,E91387322933299
めがね会館,「<a href=https://code4fukui.github.io/vr-fukui/vr-view.html#img/vr-meganekaikan.jpg>VRふくい</a>」で見る,vr-meganekaikan.jpg,E9138732358471
jig.jp(予定),「<a href=https://code4fukui.github.io/vr-fukui/vr-view.html#img/vr-jig.jpg>VRふくい</a>」で見る,vr-jig.jpg,E9138732358822
福井高専,「<a href=https://code4fukui.github.io/vr-fukui/vr-view.html#img/vr-fnct.jpg>VRふくい</a>」で見る,vr-fnct.jpg,E9138732251953
日野川,「<a href=https://code4fukui.github.io/vr-fukui/vr-view.html#img/vr-hinogawa.jpg>VRふくい</a>」で見る,vr-hinogawa.jpg,E913873252768
EIGHT-SENSE,「<a href=https://code4fukui.github.io/vr-fukui/vr-view.html#img/vr-eight-sense.jpg>VRふくい</a>」で見る,vr-eight-sense.jpg,E9138732384846
中河,「<a href=https://code4fukui.github.io/vr-fukui/vr-view.html#img/vr-sabae-nakagawa.jpg>VRふくい</a>」で見る,vr-sabae-nakagawa,E9138732399587
SABAE看板,「<a href=https://code4fukui.github.io/vr-fukui/vr-view.html#img/vr-sabae-signboard.jpg>VRふくい</a>」で見る,vr-sabae-signboard.jpg,E913873269446
しまだ,「<a href=https://code4fukui.github.io/vr-fukui/vr-view.html#img/vr-shimada.jpg>VRふくい</a>」で見る,vr-shimada.jpg,E9138736711786
